City_ID,City,Country,Date,Lat,Lng,Max Temp,Humidity,Cloudiness,Wind Speed
0,Cambridge,CA,2022-03-26 21:38:56,43.3601,-80.3127,38.75,84,100,14.97
1,Atuona,PF,2022-03-26 21:38:50,-9.8,-139.0333,79.39,76,42,15.17
2,Dandong,CN,2022-03-26 21:42:42,40.1292,124.3947,39.94,56,100,6.38
3,Petropavlovsk-Kamchatskiy,RU,2022-03-26 21:40:26,53.0452,158.6483,17.78,62,0,6.71
4,Ribeira Grande,PT,2022-03-26 21:42:42,38.5167,-28.7,59.4,82,75,10.36
5,Maridi,SS,2022-03-26 21:42:43,4.9158,29.4742,74.23,63,61,5.12
6,Grand Gaube,MU,2022-03-26 21:42:43,-20.0064,57.6608,80.38,82,5,3.0
7,Hobart,AU,2022-03-26 21:34:22,-42.8794,147.3294,56.05,94,20,1.14
8,Weligama,LK,2022-03-26 21:42:43,5.9667,80.4167,75.34,89,3,4.61
9,Mataura,NZ,2022-03-26 21:37:39,-46.1927,168.8643,56.89,81,25,0.07
10,Lompoc,US,2022-03-26 21:36:49,34.6391,-120.4579,68.85,75,0,16.11
11,Ilulissat,GL,2022-03-26 21:38:48,69.2167,-51.1,15.82,67,100,0.0
12,Havoysund,NO,2022-03-26 21:42:44,70.9963,24.6622,26.83,63,100,18.81
13,Bredasdorp,ZA,2022-03-26 21:41:36,-34.5322,20.0403,63.09,77,67,9.64
14,Chokurdakh,RU,2022-03-26 21:42:45,70.6333,147.9167,-1.41,96,99,8.68
15,Kapaa,US,2022-03-26 21:40:22,22.0752,-159.319,79.2,62,0,16.11
16,Port Elizabeth,ZA,2022-03-26 21:39:09,-33.918,25.5701,66.49,85,100,4.61
17,Maniitsoq,GL,2022-03-26 21:42:45,65.4167,-52.9,17.17,81,63,7.56
18,Lagunas,PE,2022-03-26 21:42:46,-5.2269,-75.6753,84.47,67,98,2.59
19,Bulolo,PG,2022-03-26 21:42:46,-7.2,146.65,73.71,92,100,0.63
20,Hilo,US,2022-03-26 21:38:53,19.7297,-155.09,80.33,70,75,8.05
21,Sabang,ID,2022-03-26 21:42:46,5.8933,95.3214,82.62,74,25,9.1
22,Oistins,BB,2022-03-26 21:39:06,13.0667,-59.5333,80.69,65,20,18.41
23,Margate,GB,2022-03-26 21:41:43,51.3813,1.3862,49.3,85,4,5.01
24,Marawi,PH,2022-03-26 21:42:47,7.9986,124.2928,67.53,98,100,3.74
25,Mount Isa,AU,2022-03-26 21:42:47,-20.7333,139.5,64.17,55,1,6.91
26,Sao Filipe,CV,2022-03-26 21:40:21,14.8961,-24.4956,70.14,75,52,9.35
27,Guiyang,CN,2022-03-26 21:42:48,26.5833,106.7167,46.89,93,100,6.71
28,Nicoya,CR,2022-03-26 21:42:48,10.1483,-85.452,92.95,34,69,9.48
29,Tuktoyaktuk,CA,2022-03-26 21:39:05,69.4541,-133.0374,-7.6,64,40,16.11
30,Saldanha,ZA,2022-03-26 21:42:48,-33.0117,17.9442,66.25,81,49,5.41
31,Grindavik,IS,2022-03-26 21:42:49,63.8424,-22.4338,41.47,93,100,12.66
32,Meulaboh,ID,2022-03-26 21:42:49,4.1363,96.1285,77.16,85,77,4.99
33,Tuatapere,NZ,2022-03-26 21:42:50,-46.1333,167.6833,58.14,75,28,0.6
34,Luderitz,NA,2022-03-26 21:41:34,-26.6481,15.1594,63.99,73,0,8.46
35,Barrow,US,2022-03-26 21:38:51,71.2906,-156.7887,-0.38,78,0,20.71
36,Ushuaia,AR,2022-03-26 21:32:38,-54.8,-68.3,46.06,93,100,13.8
37,Avarua,CK,2022-03-26 21:37:46,-21.2078,-159.775,80.65,83,75,14.97
38,Tasiilaq,GL,2022-03-26 21:37:44,65.6145,-37.6368,23.16,60,2,7.85
39,Salalah,OM,2022-03-26 21:42:51,17.0151,54.0924,76.91,42,26,0.72
40,Siocon,PH,2022-03-26 21:42:51,7.7061,122.1353,77.47,83,100,8.86
41,Jinchang,CN,2022-03-26 21:42:51,38.4953,102.1739,39.16,42,99,3.91
42,Rikitea,PF,2022-03-26 21:37:39,-23.1203,-134.9692,79.2,73,4,12.75
43,Saint-Philippe,RE,2022-03-26 21:42:52,-21.3585,55.7679,76.59,84,20,7.09
44,Hermanus,ZA,2022-03-26 21:37:34,-34.4187,19.2345,64.8,78,68,11.95
45,Pont-A-Mousson,FR,2022-03-26 21:42:52,48.9079,6.0589,55.31,50,0,3.44
46,Vaini,TO,2022-03-26 21:40:30,-21.2,-175.2,80.76,74,20,8.05
47,Cape Town,ZA,2022-03-26 21:39:06,-33.9258,18.4232,66.61,67,0,10.36
48,Busselton,AU,2022-03-26 21:38:49,-33.65,115.3333,62.82,80,98,17.47
49,Khatanga,RU,2022-03-26 21:43:53,71.9667,102.5,-13.9,100,64,7.58
50,Bubaque,GW,2022-03-26 21:43:53,11.2833,-15.8333,77.22,66,11,20.78
51,Jamestown,US,2022-03-26 21:37:23,42.097,-79.2353,34.52,66,100,21.85
52,Sao Gabriel Da Cachoeira,BR,2022-03-26 21:41:36,-0.1303,-67.0892,74.75,98,100,3.29
53,College,US,2022-03-26 21:41:35,64.8569,-147.8028,34.99,59,40,3.44
54,Hualmay,PE,2022-03-26 21:43:54,-11.0964,-77.6139,72.72,76,93,8.75
55,Vila Franca Do Campo,PT,2022-03-26 21:43:54,37.7167,-25.4333,61.21,89,100,20.78
56,Iberia,US,2022-03-26 21:43:55,29.9502,-91.7507,80.06,31,0,10.36
57,Victoria,HK,2022-03-26 21:37:04,22.2855,114.1577,74.32,87,65,4.0
58,Klaksvik,FO,2022-03-26 21:41:36,62.2266,-6.589,45.52,78,100,21.5
59,Qaanaaq,GL,2022-03-26 21:37:45,77.484,-69.3632,-1.79,94,99,4.03
60,Ponta Do Sol,PT,2022-03-26 21:39:15,32.6667,-17.1,65.01,83,100,16.42
61,Zhezkazgan,KZ,2022-03-26 21:43:55,47.8043,67.7144,34.47,89,100,11.79
62,Slave Lake,CA,2022-03-26 21:43:56,55.2834,-114.769,24.78,80,100,13.8
63,Aasiaat,GL,2022-03-26 21:43:56,68.7098,-52.8699,13.28,85,100,7.92
64,Ixtapa,MX,2022-03-26 21:43:56,20.7,-105.2,76.23,73,0,12.66
65,Kavaratti,IN,2022-03-26 21:43:57,10.5669,72.642,81.48,72,1,4.63
66,San Patricio,US,2022-03-26 21:43:57,28.017,-97.5169,93.29,29,5,15.99
67,Mitsamiouli,KM,2022-03-26 21:43:58,-11.3847,43.2844,82.06,78,52,3.94
68,Nouadhibou,MR,2022-03-26 21:43:58,20.931,-17.0347,64.38,88,28,11.5
69,Upernavik,GL,2022-03-26 21:37:34,72.7868,-56.1549,12.78,92,100,6.08
70,Geraldton,AU,2022-03-26 21:38:51,-28.7667,114.6,72.01,94,75,4.61
71,Greymouth,NZ,2022-03-26 21:43:59,-42.4667,171.2,64.81,56,7,3.09
72,Ahipara,NZ,2022-03-26 21:43:59,-35.1667,173.1667,70.14,65,1,7.52
73,Rawson,AR,2022-03-26 21:44:00,-43.3002,-65.1023,71.24,35,1,13.33
74,Hanyang,CN,2022-03-26 21:44:00,32.1371,105.5126,47.48,89,100,3.65
75,Mugla,TR,2022-03-26 21:44:00,37.2303,28.3557,37.24,59,0,4.85
76,Port Alfred,ZA,2022-03-26 21:37:35,-33.5906,26.891,64.18,86,92,13.02
77,Mandalgovi,MN,2022-03-26 21:44:01,45.7625,106.2708,23.04,24,0,8.75
78,East London,ZA,2022-03-26 21:37:25,-33.0153,27.9116,66.67,88,93,9.84
79,Kidal,ML,2022-03-26 21:44:01,18.4411,1.4078,85.28,11,22,13.96
80,Punta Arenas,CL,2022-03-26 21:38:51,-53.15,-70.9167,48.31,93,100,10.36
81,Kodiak,US,2022-03-26 21:42:46,57.79,-152.4072,38.71,87,100,5.75
82,Lufilufi,WS,2022-03-26 21:44:03,-13.8745,-171.5986,82.18,76,89,15.75
83,Goba,ET,2022-03-26 21:44:03,7.0167,39.9833,54.63,71,100,0.83
84,Iqaluit,CA,2022-03-26 21:44:03,63.7506,-68.5145,22.73,85,20,16.11
85,Kattivakkam,IN,2022-03-26 21:44:04,13.2167,80.3167,84.29,90,0,9.57
86,Faanui,PF,2022-03-26 21:39:08,-16.4833,-151.75,82.04,72,34,13.22
87,Nikolskoye,RU,2022-03-26 21:40:20,59.7035,30.7861,26.87,82,100,18.66
88,Shenzhen,CN,2022-03-26 21:40:59,22.5455,114.0683,75.83,92,80,6.71
89,Juanjui,PE,2022-03-26 21:44:05,-7.1779,-76.7314,82.71,76,90,1.34
90,Balabac,PH,2022-03-26 21:44:05,7.9868,117.0645,81.32,81,100,8.79
91,Hithadhoo,MV,2022-03-26 21:35:59,-0.6,73.0833,82.72,69,1,11.14
92,Zenzeli,RU,2022-03-26 21:44:06,45.9241,47.0474,39.83,76,65,12.91
93,Christchurch,NZ,2022-03-26 21:41:59,-43.5333,172.6333,64.33,81,100,2.3
94,Northam,GB,2022-03-26 21:45:06,51.0333,-4.2167,52.61,64,0,8.43
95,Cabo San Lucas,MX,2022-03-26 21:45:07,22.8909,-109.9124,87.62,44,39,6.89
96,Batagay-Alyta,RU,2022-03-26 21:45:07,67.8006,130.4114,-0.17,85,100,4.5
97,Atar,MR,2022-03-26 21:38:47,20.5169,-13.0499,75.22,12,31,3.47
98,Georgetown,MY,2022-03-26 21:33:21,5.4112,100.3354,82.33,82,20,5.01
99,Guerrero Negro,MX,2022-03-26 21:45:08,27.9769,-114.0611,76.12,40,30,11.25
100,Oxelosund,SE,2022-03-26 21:45:08,58.6706,17.1015,30.58,64,0,2.3
101,Te Anau,NZ,2022-03-26 21:45:08,-45.4167,167.7167,54.68,83,62,0.45
102,Kangaatsiaq,GL,2022-03-26 21:45:09,68.3065,-53.4641,13.86,86,100,8.41
103,Launceston,AU,2022-03-26 21:42:06,-41.45,147.1667,60.15,90,100,0.0
104,New Norfolk,AU,2022-03-26 21:37:40,-42.7826,147.0587,55.71,82,2,2.19
105,Bethel,US,2022-03-26 21:45:09,41.3712,-73.414,46.49,77,0,3.44
106,Doha,QA,2022-03-26 21:45:10,25.2867,51.5333,69.78,38,0,20.71
107,Saskylakh,RU,2022-03-26 21:38:52,71.9167,114.0833,-27.62,100,100,3.11
108,Cap Malheureux,MU,2022-03-26 21:45:10,-19.9842,57.6142,80.47,82,4,3.0
109,Urumqi,CN,2022-03-26 21:45:11,43.801,87.6005,38.35,45,0,4.47
110,Puerto Ayora,EC,2022-03-26 21:37:35,-0.7393,-90.3518,82.36,75,56,9.64
111,Butaritari,KI,2022-03-26 21:39:06,3.0707,172.7902,81.93,72,100,11.77
112,Biak,ID,2022-03-26 21:45:11,-0.9131,122.8766,75.92,81,91,2.39
113,Albany,US,2022-03-26 21:36:37,42.6001,-73.9662,48.02,80,96,1.01
114,Kununurra,AU,2022-03-26 21:45:12,-15.7667,128.7333,75.18,94,78,0.0
115,Sao Bernardo,BR,2022-03-26 21:45:12,-3.3614,-42.4178,75.24,96,100,4.85
116,Yellowknife,CA,2022-03-26 21:37:40,62.456,-114.3525,5.52,43,75,13.8
117,Vostok,RU,2022-03-26 21:45:13,46.4856,135.8833,25.63,96,100,5.46
118,San Cristobal,VE,2022-03-26 21:41:32,7.7669,-72.225,84.38,58,100,5.21
119,Ust-Nera,RU,2022-03-26 21:45:13,64.5667,143.2,-2.87,98,99,3.76
120,Severo-Kurilsk,RU,2022-03-26 21:40:31,50.6789,156.125,32.0,91,100,16.2
121,Constitucion,CL,2022-03-26 21:45:14,-35.3333,-72.4167,58.62,74,61,10.83
122,Olean,US,2022-03-26 21:45:14,42.0776,-78.4297,41.68,80,100,10.36
123,Dunedin,NZ,2022-03-26 21:45:15,-45.8742,170.5036,62.8,70,55,1.01
124,Eyl,SO,2022-03-26 21:45:15,7.9803,49.8164,76.35,66,2,13.18
125,Cherskiy,RU,2022-03-26 21:41:38,68.75,161.3,-6.61,95,100,6.8
126,Vaitape,PF,2022-03-26 21:45:16,-16.5167,-151.75,82.04,72,33,13.2
127,Araouane,ML,2022-03-26 21:45:16,18.9048,-3.5265,84.25,21,26,6.71
128,Narsaq,GL,2022-03-26 21:45:17,60.9167,-46.05,28.62,80,19,0.45
129,Porto Novo,BJ,2022-03-26 21:45:17,6.4965,2.6036,84.02,81,93,9.31
130,Nampula,MZ,2022-03-26 21:41:54,-15.1165,39.2666,76.95,94,40,8.05
131,Arraial Do Cabo,BR,2022-03-26 21:37:47,-22.9661,-42.0278,80.56,78,0,11.5
132,Kavieng,PG,2022-03-26 21:39:04,-2.5744,150.7967,82.76,71,100,3.58
133,Safaga,EG,2022-03-26 21:45:18,26.7292,33.9365,64.11,36,0,19.04
134,Taoudenni,ML,2022-03-26 21:45:18,22.6783,-3.9836,84.7,13,28,8.32
135,Kaitangata,NZ,2022-03-26 21:45:19,-46.2817,169.8464,56.93,77,26,1.72
136,Bluff,NZ,2022-03-26 21:37:36,-46.6,168.3333,56.41,78,55,2.3
137,Naisud,PH,2022-03-26 21:45:19,11.8058,122.1939,78.04,85,100,8.72
138,Asosa,ET,2022-03-26 21:45:20,10.0667,34.5333,69.58,26,47,3.8
139,Coquimbo,CL,2022-03-26 21:42:07,-29.9533,-71.3436,65.93,68,0,13.8
140,Belyy Yar,RU,2022-03-26 21:46:20,53.6039,91.3903,21.85,63,0,6.71
141,Bambous Virieux,MU,2022-03-26 21:46:21,-20.3428,57.7575,80.22,89,40,3.44
142,Castro,BR,2022-03-26 21:39:17,-24.7911,-50.0119,65.5,92,97,4.38
143,Muisne,EC,2022-03-26 21:46:21,0.6,-80.0333,79.48,80,97,6.71
144,Gambo,CF,2022-03-26 21:46:21,4.6482,22.2633,72.48,44,100,0.94
145,Mont-Dore,NC,2022-03-26 21:42:37,-22.2833,166.5833,80.01,99,85,7.7
146,Ormara,PK,2022-03-26 21:46:22,25.2088,64.6357,77.86,62,0,10.78
147,Caborca,MX,2022-03-26 21:46:23,30.5838,-111.101,89.89,5,88,11.65
148,Kodinsk,RU,2022-03-26 21:46:23,58.6881,99.1844,14.16,88,95,14.54
149,Axim,GH,2022-03-26 21:46:24,4.8699,-2.2405,80.6,83,88,2.42
150,Provideniya,RU,2022-03-26 21:46:24,64.3833,-173.3,20.25,85,100,0.72
151,Half Moon Bay,US,2022-03-26 21:46:25,37.4636,-122.4286,74.41,69,0,13.8
152,Ust-Kulom,RU,2022-03-26 21:46:25,61.6864,53.6902,30.34,97,100,11.16
153,Shitanjing,CN,2022-03-26 21:46:25,39.2342,106.3439,29.62,20,93,5.14
154,Antalaha,MG,2022-03-26 21:46:26,-14.9003,50.2788,75.97,91,10,4.85
155,Byron Bay,AU,2022-03-26 21:46:26,-28.65,153.6167,66.94,93,95,4.12
156,Valenca,BR,2022-03-26 21:43:46,-13.3703,-39.0731,75.29,88,12,3.11
157,Huarmey,PE,2022-03-26 21:46:27,-10.0681,-78.1522,74.16,74,75,9.55
158,Hofn,IS,2022-03-26 21:46:28,64.2539,-15.2082,44.89,96,100,10.71
159,Baykit,RU,2022-03-26 21:46:28,61.67,96.37,12.43,93,100,11.54
160,Talagang,PK,2022-03-26 21:46:28,32.9297,72.4158,70.43,20,0,4.99
161,Dhidhdhoo,MV,2022-03-26 21:46:29,6.8833,73.1,81.34,69,2,3.36
162,Areka,ET,2022-03-26 21:46:29,7.0667,37.7,63.14,68,39,4.07
163,Husavik,IS,2022-03-26 21:46:29,66.0449,-17.3389,41.54,86,100,13.22
164,Lamu,KE,2022-03-26 21:46:30,-2.2717,40.902,80.01,89,23,10.36
165,Namatanai,PG,2022-03-26 21:46:30,-3.6667,152.4333,81.79,76,96,1.39
166,Wadi Maliz,TN,2022-03-26 21:46:30,36.4681,8.5495,53.26,87,0,2.1
167,Montlucon,FR,2022-03-26 21:46:31,46.3333,2.6,45.7,77,13,1.34
168,Lata,PT,2022-03-26 21:46:31,40.1629,-8.3327,56.07,79,50,6.24
169,Avera,US,2022-03-26 21:46:31,33.194,-82.5271,67.51,32,0,17.34
170,Camacha,PT,2022-03-26 21:46:32,33.0833,-16.3333,60.22,77,20,18.41
171,Adeje,ES,2022-03-26 21:46:32,28.1227,-16.726,64.02,69,75,12.66
172,Luau,AO,2022-03-26 21:46:33,-10.7073,22.2247,65.66,95,99,1.5
173,Port Blair,IN,2022-03-26 21:41:44,11.6667,92.75,78.84,94,20,2.3
174,Peshkopi,AL,2022-03-26 21:46:33,41.685,20.4289,44.49,66,1,3.71
175,Taman,RU,2022-03-26 21:46:33,45.2117,36.7161,43.93,84,10,22.95
176,Clyde River,CA,2022-03-26 21:37:33,70.4692,-68.5914,-1.97,84,100,8.05
177,Kallithea,GR,2022-03-26 21:46:34,37.95,23.7,56.46,67,0,3.44
178,Bacolod,PH,2022-03-26 21:46:34,10.6667,122.95,78.4,80,89,9.17
179,Reinosa,ES,2022-03-26 21:46:35,42.9996,-4.138,45.23,82,47,5.08
180,Katobu,ID,2022-03-26 21:46:35,-4.9408,122.5276,74.91,94,73,0.13
181,Mahebourg,MU,2022-03-26 21:41:33,-20.4081,57.7,80.26,89,40,3.44
182,Saint George,US,2022-03-26 21:45:00,37.1041,-113.5841,86.95,12,0,5.75
183,Sorland,NO,2022-03-26 21:46:36,67.667,12.6934,31.59,66,100,6.96
184,Copiapo,CL,2022-03-26 21:44:44,-27.3667,-70.3333,64.09,41,0,5.97
185,Hamilton,US,2022-03-26 21:42:47,39.1834,-84.5333,38.25,69,100,17.27
186,Chuy,UY,2022-03-26 21:40:25,-33.6971,-53.4616,67.14,72,47,12.93
187,Torbay,CA,2022-03-26 21:35:33,47.6666,-52.7314,39.76,96,100,9.22
188,Ordynskoye,RU,2022-03-26 21:47:37,54.3656,81.8994,3.76,98,100,5.86
189,Seoul,KR,2022-03-26 21:44:55,37.5683,126.9778,40.57,81,0,4.61
190,Leeston,NZ,2022-03-26 21:47:37,-43.7667,172.3,62.96,71,55,3.18
191,Vardo,NO,2022-03-26 21:47:39,70.3705,31.1107,27.14,58,100,27.81
192,Pevek,RU,2022-03-26 21:40:29,69.7008,170.3133,-1.01,95,99,8.84
193,Mar Del Plata,AR,2022-03-26 21:47:39,-38.0023,-57.5575,62.62,95,100,15.01
194,Taklisah,TN,2022-03-26 21:47:40,36.7833,10.6333,57.94,78,83,24.54
195,Tibiao,PH,2022-03-26 21:47:40,11.2915,122.0354,79.72,77,76,5.73
196,Shimoda,JP,2022-03-26 21:47:40,34.6667,138.95,60.1,89,81,13.49
197,Carnarvon,AU,2022-03-26 21:41:34,-24.8667,113.6333,73.47,73,40,3.44
198,Tiksi,RU,2022-03-26 21:47:41,71.6872,128.8694,-14.1,100,98,3.13
199,Nome,US,2022-03-26 21:47:41,64.5011,-165.4064,21.16,85,0,0.0
200,Buchanan,LR,2022-03-26 21:47:42,5.8808,-10.0467,78.71,89,99,5.39
201,Krasnystaw,PL,2022-03-26 21:47:42,50.9846,23.1742,39.4,53,9,16.93
202,Grand Bank,CA,2022-03-26 21:47:42,47.0999,-55.765,37.4,93,84,15.88
203,Kabarnet,KE,2022-03-26 21:47:43,0.4919,35.743,59.45,79,79,0.74
204,Fonte Boa,BR,2022-03-26 21:47:43,-2.4959,-66.2662,78.17,97,100,1.12
205,Bengkulu,ID,2022-03-26 21:39:10,-3.8004,102.2655,74.95,88,77,6.62
206,Mehamn,NO,2022-03-26 21:39:17,71.0357,27.8492,23.49,70,100,22.68
207,Mahibadhoo,MV,2022-03-26 21:41:40,3.7833,72.9667,81.25,65,18,4.27
208,Souillac,MU,2022-03-26 21:47:44,-20.5167,57.5167,79.18,89,40,3.44
209,Denpasar,ID,2022-03-26 21:42:51,-8.65,115.2167,76.71,100,40,5.75
210,Miandrivazo,MG,2022-03-26 21:47:44,-19.5167,45.4667,77.11,93,27,3.06
211,Gweta,BW,2022-03-26 21:47:45,-20.1833,25.2333,77.16,62,77,11.77
212,Norman Wells,CA,2022-03-26 21:47:44,65.282,-126.8329,6.84,47,20,11.5
213,Hobyo,SO,2022-03-26 21:47:45,5.3505,48.5268,80.15,65,16,12.86
214,Samarai,PG,2022-03-26 21:47:45,-10.6167,150.6667,83.25,73,100,5.28
215,Port Lincoln,AU,2022-03-26 21:47:46,-34.7333,135.8667,65.79,63,94,6.8
216,Beringovskiy,RU,2022-03-26 21:47:46,63.05,179.3167,7.48,94,95,3.85
217,Banda Aceh,ID,2022-03-26 21:47:47,5.5577,95.3222,79.63,82,19,6.31
218,Cidreira,BR,2022-03-26 21:47:39,-30.1811,-50.2056,69.62,72,75,9.28
219,Russell,US,2022-03-26 21:45:26,32.3502,-85.1999,70.88,19,0,17.27
220,Esperance,AU,2022-03-26 21:47:47,-33.8667,121.9,66.04,92,100,10.09
221,Ouesso,CG,2022-03-26 21:47:47,1.6136,16.0517,75.0,70,68,2.86
222,Wexford,IE,2022-03-26 21:47:48,52.3342,-6.4575,49.21,89,1,8.7
223,Gigmoto,PH,2022-03-26 21:47:48,13.7796,124.39,79.65,81,70,8.55
224,Xining,CN,2022-03-26 21:44:57,36.6167,101.7667,30.47,60,78,1.92
225,Parabel,RU,2022-03-26 21:47:49,58.6978,81.4825,6.87,95,8,7.56
226,Yetkul,RU,2022-03-26 21:47:49,54.8221,61.588,-5.35,100,98,4.09
227,Vagur,FO,2022-03-26 21:47:49,61.4732,-6.8119,47.28,89,100,23.58
228,Necochea,AR,2022-03-26 21:47:50,-38.5473,-58.7368,62.44,87,100,16.17
229,Olinda,BR,2022-03-26 21:46:12,-8.0089,-34.8553,80.33,89,40,5.75
230,Umm Kaddadah,SD,2022-03-26 21:48:50,13.6017,26.6876,66.18,12,89,17.34
231,Fairbanks,US,2022-03-26 21:46:01,64.8378,-147.7164,35.98,58,0,3.44
232,Tupik,RU,2022-03-26 21:48:51,54.4253,119.9327,11.26,100,95,2.46
233,Thompson,CA,2022-03-26 21:48:51,55.7435,-97.8558,3.36,43,0,11.5
234,Clyde,US,2022-03-26 21:48:51,41.3042,-82.9752,35.56,75,100,18.97
235,Ewo,CG,2022-03-26 21:48:52,-0.8725,14.8206,74.77,83,99,3.11
236,Arvika,SE,2022-03-26 21:48:52,59.6553,12.5852,29.01,65,100,2.15
237,Lakhisarai,IN,2022-03-26 21:48:52,25.1768,86.0932,73.08,12,0,5.19
238,Tessalit,ML,2022-03-26 21:48:53,20.1986,1.0114,86.38,11,93,15.73
239,Ko Samui,TH,2022-03-26 21:48:53,9.5357,99.9357,83.88,69,5,1.95
240,Chicama,PE,2022-03-26 21:48:53,-7.8447,-79.1469,68.54,65,93,8.41
241,Ariquemes,BR,2022-03-26 21:48:54,-9.9133,-63.0408,77.77,96,99,2.66
242,Cajaruro,PE,2022-03-26 21:48:54,-5.7364,-78.4256,81.32,73,93,2.98
243,Togul,RU,2022-03-26 21:48:54,53.465,85.9128,5.34,97,97,5.12
244,Waipawa,NZ,2022-03-26 21:48:55,-41.4122,175.5153,56.53,82,92,12.48
245,Alvorada,BR,2022-03-26 21:48:55,-12.48,-49.1247,77.77,78,44,3.94
246,Gelemso,ET,2022-03-26 21:48:56,8.8167,40.5167,61.41,79,98,4.29
247,Allapalli,IN,2022-03-26 21:48:56,19.4167,80.0667,82.38,39,32,1.23
248,Gouyave,GD,2022-03-26 21:48:56,12.1646,-61.7296,81.37,69,20,17.27
249,Taltal,CL,2022-03-26 21:45:27,-25.4,-70.4833,67.68,72,23,6.04
250,Pontes E Lacerda,BR,2022-03-26 21:48:57,-15.2261,-59.3353,74.98,89,99,3.44
251,Zaraza,VE,2022-03-26 21:48:57,9.3503,-65.3245,86.63,50,99,10.94
252,Lebu,CL,2022-03-26 21:48:57,-37.6167,-73.65,59.99,73,68,4.56
253,Malgrat De Mar,ES,2022-03-26 21:48:58,41.6466,2.7414,57.2,85,99,12.71
254,Acolla,PE,2022-03-26 21:48:58,-11.7319,-75.5463,55.63,70,100,1.59
255,Santa Maria,BR,2022-03-26 21:44:53,-29.6842,-53.8069,69.1,73,75,5.75
256,Saint John,CA,2022-03-26 21:48:59,45.2727,-66.0677,47.43,82,40,10.36
257,Jutai,BR,2022-03-26 21:48:59,-5.1833,-68.9,77.05,96,100,1.01
258,Bahraich,IN,2022-03-26 21:48:59,27.5833,81.6,68.95,17,0,7.4
259,Narasaraopet,IN,2022-03-26 21:49:00,16.25,80.0667,76.37,92,54,5.21
260,Dinguiraye,GN,2022-03-26 21:49:00,11.3,-10.7167,87.58,18,90,2.57
261,Paracuru,BR,2022-03-26 21:49:00,-3.41,-39.0306,80.11,89,100,8.37
262,Portland,US,2022-03-26 21:48:22,45.5234,-122.6762,68.05,67,100,10.36
263,Barcelos,PT,2022-03-26 21:49:01,41.5388,-8.6151,61.92,71,100,4.45
264,Areosa,PT,2022-03-26 21:49:01,41.7178,-8.8571,58.35,74,100,6.67
265,Opuwo,NA,2022-03-26 21:49:02,-18.0607,13.84,68.04,46,2,4.79
266,Alekseyevsk,RU,2022-03-26 21:49:02,57.8406,108.3492,24.44,94,100,13.71
267,Asfi,MA,2022-03-26 21:49:03,32.2994,-9.2372,58.96,84,39,8.57
268,Oyek,RU,2022-03-26 21:49:03,52.5861,104.4556,23.38,90,55,1.99
269,Tsabong,BW,2022-03-26 21:49:03,-26.0217,22.401,74.86,46,3,7.87
270,Oskarshamn,SE,2022-03-26 21:49:04,57.2645,16.4484,36.05,74,89,3.98
271,Emerald,AU,2022-03-26 21:49:05,-23.5333,148.1667,68.14,100,100,5.75
272,Bagotville,AU,2022-03-26 21:49:05,-28.9833,153.4167,66.85,99,98,4.14
273,Balykshi,KZ,2022-03-26 21:50:05,47.0667,51.8667,32.0,93,88,11.18
274,Muzhi,RU,2022-03-26 21:50:06,65.3667,64.6667,-7.06,99,96,5.61
275,Kollam,IN,2022-03-26 21:50:07,8.8833,76.6,78.51,85,42,2.17
276,Acajutla,SV,2022-03-26 21:50:07,13.5928,-89.8275,85.95,53,86,8.86
277,Terra Santa,BR,2022-03-26 21:50:07,-2.1042,-56.4869,78.15,92,51,2.91
278,Vibo Valentia,IT,2022-03-26 21:50:08,38.6996,16.1274,50.59,61,100,9.15
279,Yanai,JP,2022-03-26 21:50:08,33.9667,132.1167,51.8,87,93,5.08
280,Wasilla,US,2022-03-26 21:50:09,61.5814,-149.4394,43.36,47,0,14.97
281,Svetlogorsk,BY,2022-03-26 21:50:09,52.6333,29.7333,33.1,69,31,20.6
282,Korla,CN,2022-03-26 21:50:09,41.7597,86.1469,43.9,52,80,0.11
283,Cajuru,BR,2022-03-26 21:50:10,-21.2753,-47.3042,73.18,78,96,0.83
284,Guanica,PR,2022-03-26 21:50:10,17.9716,-66.908,81.99,75,22,8.88
285,Madimba,TZ,2022-03-26 21:50:11,-10.4,40.3333,79.92,89,20,11.5
286,Waingapu,ID,2022-03-26 21:50:11,-9.6567,120.2641,77.49,84,87,3.65
287,Havre-Saint-Pierre,CA,2022-03-26 21:50:11,50.2334,-63.5986,32.36,93,100,12.66
288,Flin Flon,CA,2022-03-26 21:50:12,54.7682,-101.865,6.64,33,0,5.75
289,Berlevag,NO,2022-03-26 21:50:12,70.8578,29.0864,22.8,64,100,24.2
290,Palmer,US,2022-03-26 21:48:45,42.1584,-72.3287,45.86,81,100,9.22
291,Dwarka,IN,2022-03-26 21:50:13,22.2394,68.9678,78.62,68,1,11.74
292,Luganville,VU,2022-03-26 21:50:13,-15.5333,167.1667,83.32,77,94,1.19
293,Varhaug,NO,2022-03-26 21:50:14,58.6147,5.6457,41.9,83,96,12.24
294,Katsuura,JP,2022-03-26 21:41:38,35.1333,140.3,62.62,93,100,9.53
295,Tura,IN,2022-03-26 21:50:14,25.5198,90.2201,68.47,88,1,6.69
296,Henties Bay,NA,2022-03-26 21:50:15,-22.116,14.2845,64.29,81,0,4.9
297,Novi Pazar,RS,2022-03-26 21:50:15,43.1367,20.5122,41.68,66,1,3.98
298,Fukue,JP,2022-03-26 21:50:15,32.6881,128.8419,56.21,77,95,13.35
299,Vestmannaeyjar,IS,2022-03-26 21:50:16,63.4427,-20.2734,46.6,93,100,17.18
300,Kichera,RU,2022-03-26 21:50:16,55.9375,110.0997,13.71,95,100,1.99
301,Sioux Lookout,CA,2022-03-26 21:49:08,50.1001,-91.917,10.47,52,40,18.41
302,Rio Grande,BR,2022-03-26 21:36:15,-32.035,-52.0986,73.51,66,90,14.79
303,Abu Samrah,SY,2022-03-26 21:50:17,35.3029,37.1841,46.36,77,43,17.87
304,Livingstonia,MW,2022-03-26 21:50:18,-10.606,34.1063,65.7,85,53,2.44
305,Chumikan,RU,2022-03-26 21:50:18,54.7183,135.315,11.25,96,96,1.32
306,Lavrentiya,RU,2022-03-26 21:50:18,65.5833,-171.0,11.12,90,100,0.94
307,Tucuman,AR,2022-03-26 21:50:14,-26.8241,-65.2226,78.8,41,0,6.91
308,Saint-Pierre,RE,2022-03-26 21:50:19,-21.3393,55.4781,76.68,74,29,6.91
309,Nhulunbuy,AU,2022-03-26 21:50:19,-12.2333,136.7667,74.01,100,73,2.3
310,San Felipe,VE,2022-03-26 21:50:20,10.3399,-68.7425,77.67,81,92,7.49
311,Gorin,RU,2022-03-26 21:50:20,51.1983,136.6669,21.54,95,100,12.24
312,Oga,IT,2022-03-26 21:50:21,46.4631,10.347,38.8,74,12,1.83
313,Campo Grande,BR,2022-03-26 21:50:21,-20.4428,-54.6464,71.15,100,75,10.36
314,Amga,RU,2022-03-26 21:50:21,60.8953,131.9608,-5.58,100,100,0.96
315,Bambanglipuro,ID,2022-03-26 21:50:22,-7.95,110.2833,75.79,88,100,3.51
316,Kimberley,ZA,2022-03-26 21:50:22,-28.7323,24.7623,55.09,76,0,0.0
317,Dakar,SN,2022-03-26 21:49:43,14.6937,-17.4441,66.33,88,0,9.22
318,Novikovo,RU,2022-03-26 21:50:23,51.1537,37.8879,36.79,86,100,13.31
319,Ust-Omchug,RU,2022-03-26 21:51:23,61.15,149.6333,-3.05,99,98,1.95
320,Khani,GE,2022-03-26 21:51:24,41.9563,42.9566,29.77,90,85,5.28
321,Airai,TL,2022-03-26 21:51:24,-8.9266,125.4092,58.73,87,68,1.39
322,Lagoa,PT,2022-03-26 21:51:24,39.05,-27.9833,59.86,86,93,27.47
323,Gat,IL,2022-03-26 21:51:25,31.61,34.7642,54.39,66,0,4.16
324,Aktau,KZ,2022-03-26 21:51:25,43.65,51.2,43.38,77,100,14.54
325,Esil,KZ,2022-03-26 21:47:35,51.9556,66.4042,22.82,95,100,12.37
326,Maningrida,AU,2022-03-26 21:51:25,-12.0667,134.2667,76.05,82,77,4.34
327,Monroe,US,2022-03-26 21:47:52,43.1501,-77.6831,45.86,71,75,18.41
328,Bastrop,US,2022-03-26 21:51:26,32.7562,-91.8724,73.69,31,6,1.99
329,Sinjar,IQ,2022-03-26 21:51:26,36.3209,41.8754,47.77,53,67,2.51
330,Port-Gentil,GA,2022-03-26 21:51:26,-0.7193,8.7815,81.66,84,95,11.25
331,Qaqortoq,GL,2022-03-26 21:51:27,60.7167,-46.0333,21.63,82,25,2.84
332,Ta Khmau,KH,2022-03-26 21:51:27,11.4833,104.95,82.45,89,20,4.61
333,Arlit,NE,2022-03-26 21:51:27,18.7369,7.3853,79.83,9,52,12.8
334,Miragoane,HT,2022-03-26 21:51:28,18.4423,-73.0876,79.79,68,88,8.37
335,Paragominas,BR,2022-03-26 21:51:28,-2.9667,-47.4833,74.61,96,86,3.78
336,Kupang,ID,2022-03-26 21:51:29,-10.1667,123.5833,77.79,87,92,1.23
337,Marsh Harbour,BS,2022-03-26 21:51:29,26.5412,-77.0636,72.19,57,3,14.81
338,Shahr-E Kord,IR,2022-03-26 21:51:29,32.3256,50.8644,26.37,31,0,4.61
339,Evensk,RU,2022-03-26 21:51:29,61.95,159.2333,8.08,72,90,4.79
340,Chitipa,MW,2022-03-26 21:51:30,-9.7024,33.2697,63.27,97,55,4.23
341,Zaozerne,UA,2022-03-26 21:51:30,45.1582,33.2787,46.47,76,61,25.77
342,Linxia,CN,2022-03-26 21:51:30,35.6003,103.2064,36.75,43,60,4.88
343,Sembakung,ID,2022-03-26 21:51:31,3.8167,117.25,72.43,100,100,2.24
344,Balakovo,RU,2022-03-26 21:51:31,52.0278,47.8007,37.17,87,100,17.38
345,Floriano,BR,2022-03-26 21:51:32,-6.7669,-43.0225,81.3,69,19,3.53
346,Sao Joao Da Barra,BR,2022-03-26 21:51:32,-21.6403,-41.0511,82.49,87,23,14.58
347,Camana,PE,2022-03-26 21:51:32,-16.6228,-72.7111,72.41,78,8,7.49
348,Kirkland Lake,CA,2022-03-26 21:51:33,48.1446,-80.0377,25.09,68,100,14.12
349,Wanning,CN,2022-03-26 21:51:33,18.8003,110.3967,76.59,95,44,6.13
350,Sitka,US,2022-03-26 21:51:33,57.0531,-135.33,44.49,65,40,4.61
351,San Andres,CO,2022-03-26 21:51:34,12.5847,-81.7006,84.22,58,20,8.05
352,Mago,RU,2022-03-26 21:51:34,53.2514,140.1822,21.15,87,100,8.97
353,Sedniv,UA,2022-03-26 21:51:34,51.6447,31.565,35.17,60,44,20.85
354,Shingu,JP,2022-03-26 21:51:35,33.7333,135.9833,57.92,91,79,6.17
355,Hambantota,LK,2022-03-26 21:51:35,6.1241,81.1185,75.54,100,0,2.3
356,Waihi,NZ,2022-03-26 21:51:35,-37.3833,175.8333,66.6,68,100,5.14
357,Kahului,US,2022-03-26 21:51:36,20.8947,-156.47,75.22,76,75,11.5
358,Poum,NC,2022-03-26 21:51:36,-20.2333,164.0167,80.73,70,82,13.51
359,Pasni,PK,2022-03-26 21:51:36,25.2631,63.471,78.3,48,0,8.08
360,Vila Velha,BR,2022-03-26 21:51:37,-20.3297,-40.2925,82.35,81,0,14.97
361,Achit,RU,2022-03-26 21:51:37,56.7985,57.8994,24.85,90,98,11.3
362,Nizhniy Ingash,RU,2022-03-26 21:51:37,56.2,96.53,17.01,85,89,13.22
363,Vanderhoof,CA,2022-03-26 21:47:57,54.0166,-124.0198,37.96,95,100,3.27
364,Krasnoselkup,RU,2022-03-26 21:51:38,65.7,82.4667,5.36,92,100,16.33
365,Mangaratiba,BR,2022-03-26 21:51:38,-22.9597,-44.0406,81.46,87,42,3.09
366,Valparaiso,CL,2022-03-26 21:50:35,-33.0393,-71.6273,64.04,68,20,6.91
367,Bairiki,KI,2022-03-26 21:52:39,1.3292,172.9752,84.2,74,75,13.8
368,Nanortalik,GL,2022-03-26 21:52:39,60.1432,-45.2371,27.03,87,5,3.11
369,El Alto,PE,2022-03-26 21:52:39,-4.2714,-81.2147,80.26,78,100,6.2
370,Alofi,NU,2022-03-26 21:50:35,-19.0595,-169.9187,76.89,100,100,6.91
371,Dauphin,CA,2022-03-26 21:51:33,51.1494,-100.0502,12.34,48,0,4.61
372,Swan Hill,AU,2022-03-26 21:52:40,-35.3378,143.5544,67.8,59,0,8.01
373,Ostrovnoy,RU,2022-03-26 21:52:40,68.0531,39.5131,21.9,57,100,15.26
374,Najran,SA,2022-03-26 21:52:40,17.4924,44.1277,68.65,28,2,5.66
375,Kempsey,AU,2022-03-26 21:52:41,-31.0833,152.8333,64.94,97,100,1.99
376,Rundu,NA,2022-03-26 21:52:41,-17.9333,19.7667,69.87,56,57,5.59
377,Gombe,NG,2022-03-26 21:52:41,10.2897,11.1673,81.82,10,57,14.81
378,Glazunovka,RU,2022-03-26 21:52:42,52.4986,36.3275,31.93,83,74,17.49
379,Quatre Cocos,MU,2022-03-26 21:48:55,-20.2078,57.7625,80.1,79,15,10.89
380,Puerto Escondido,MX,2022-03-26 21:52:42,15.85,-97.0667,83.95,65,87,6.38
381,Leningradskiy,RU,2022-03-26 21:52:43,69.3833,178.4167,0.37,80,5,2.75
382,Puerto Colombia,CO,2022-03-26 21:50:16,10.9878,-74.9547,84.29,81,69,19.19
383,Arroyos Y Esteros,PY,2022-03-26 21:52:43,-25.0667,-57.1,80.35,72,0,2.08
384,Kapoeta,SS,2022-03-26 21:52:43,4.7717,33.5903,85.06,45,98,10.83
385,Richards Bay,ZA,2022-03-26 21:52:44,-28.783,32.0377,68.56,92,17,5.66
386,Toba,JP,2022-03-26 21:52:44,34.4833,136.85,56.08,76,99,8.99
387,Kerouane,GN,2022-03-26 21:52:44,9.2667,-9.0167,74.53,82,97,3.85
388,Inhambane,MZ,2022-03-26 21:52:45,-23.865,35.3833,73.47,89,99,6.98
389,Loreto,MX,2022-03-26 21:52:45,22.2667,-101.9667,76.6,9,15,0.89
390,Asifabad,IN,2022-03-26 21:52:45,19.3667,79.2833,83.46,35,15,0.09
391,Cajamarca,PE,2022-03-26 21:52:46,-7.1638,-78.5003,60.87,72,75,6.91
392,Kalmunai,LK,2022-03-26 21:51:34,7.4167,81.8167,77.25,87,3,4.18
393,Lokosovo,RU,2022-03-26 21:52:46,61.1333,74.8167,12.99,91,80,9.66
394,Buriti Dos Lopes,BR,2022-03-26 21:52:46,-3.175,-41.8669,83.95,97,99,4.79
395,Iwanai,JP,2022-03-26 21:52:47,42.9744,140.5089,42.01,99,100,12.93
396,Zhuanghe,CN,2022-03-26 21:52:47,39.7008,122.9911,41.36,46,100,6.73
397,Inongo,CD,2022-03-26 21:52:47,-1.95,18.2667,76.41,81,85,4.52
398,Bilma,NE,2022-03-26 21:52:48,18.6853,12.9164,74.43,12,51,8.46
399,Gandhidham,IN,2022-03-26 21:52:48,23.0833,70.1333,82.54,27,1,9.84
400,Aksarayskiy,RU,2022-03-26 21:52:49,46.7924,48.0119,40.98,72,45,14.63
401,Karpogory,RU,2022-03-26 21:52:49,64.0019,44.4451,19.81,89,100,17.43
402,Kushiro,JP,2022-03-26 21:52:49,42.975,144.3747,40.6,98,100,17.47
403,Birao,CF,2022-03-26 21:52:50,10.2849,22.7882,80.85,11,100,11.68
404,Bacum,MX,2022-03-26 21:52:50,27.55,-110.0833,91.17,8,96,14.63
405,Leshukonskoye,RU,2022-03-26 21:52:50,64.8989,45.7622,16.92,92,100,15.95
406,Anori,BR,2022-03-26 21:52:51,-3.7728,-61.6442,78.21,96,92,1.61
407,Flinders,AU,2022-03-26 21:52:51,-34.5833,150.8552,65.17,95,100,5.99
408,Port Hardy,CA,2022-03-26 21:51:09,50.6996,-127.4199,48.38,81,75,10.36
409,Anadyr,RU,2022-03-26 21:52:51,64.75,177.4833,7.3,84,40,6.71
410,Port Hedland,AU,2022-03-26 21:52:52,-20.3167,118.5667,80.65,78,9,8.05
411,Chinsali,ZM,2022-03-26 21:52:52,-10.5414,32.0816,64.35,95,74,2.17
412,North Little Rock,US,2022-03-26 21:51:42,34.7695,-92.2671,71.98,21,75,3.44
413,Sampit,ID,2022-03-26 21:52:52,-2.5333,112.95,73.89,98,22,2.08
414,Santa Rosalia,MX,2022-03-26 21:52:53,27.3167,-112.2833,76.91,28,100,5.03
415,Guarapuava,BR,2022-03-26 21:53:53,-25.3953,-51.4581,56.82,81,23,2.3
416,Dolores,AR,2022-03-26 21:53:53,-36.3132,-57.6792,64.9,73,79,12.64
417,Wajima,JP,2022-03-26 21:53:54,37.4,136.9,48.2,82,100,10.2
418,Great Yarmouth,GB,2022-03-26 21:53:54,52.6083,1.7305,45.95,85,1,9.22
419,Murray Bridge,AU,2022-03-26 21:51:09,-35.1167,139.2667,67.12,54,0,5.64
420,Florianopolis,BR,2022-03-26 21:53:51,-27.6146,-48.5012,72.7,67,0,10.36
421,Manzhouli,CN,2022-03-26 21:53:55,49.6,117.4333,16.97,71,12,12.84
422,Zhigansk,RU,2022-03-26 21:53:55,66.7697,123.3711,1.47,98,100,9.19
423,Batie,BF,2022-03-26 21:53:56,9.8833,-2.9167,92.41,29,67,4.16
424,Saint Anthony,US,2022-03-26 21:53:56,45.0205,-93.218,33.82,32,0,21.85
425,Benjamin Aceval,PY,2022-03-26 21:53:56,-24.9667,-57.5667,80.74,70,0,3.58
426,Burnie,AU,2022-03-26 21:53:57,-41.0667,145.9167,62.13,86,93,10.18
427,Ancud,CL,2022-03-26 21:53:57,-41.8697,-73.8203,54.23,93,98,15.79
428,Azovo,RU,2022-03-26 21:53:57,54.6997,73.0237,10.15,97,100,7.43
429,Kaeo,NZ,2022-03-26 21:53:58,-35.1,173.7833,69.33,73,3,4.29
430,Alyangula,AU,2022-03-26 21:53:58,-13.8483,136.4192,75.07,88,100,0.0
431,Zaykovo,RU,2022-03-26 21:53:58,57.5613,62.7568,13.26,85,43,10.74
432,Kozhva,RU,2022-03-26 21:53:59,65.1073,57.0459,16.11,92,100,8.66
433,Belaya Gora,RU,2022-03-26 21:53:59,68.5333,146.4167,-7.35,95,47,6.06
434,Faya,SA,2022-03-26 21:53:59,18.3851,42.4509,62.71,49,1,3.22
435,Qunduz,AF,2022-03-26 21:54:00,36.729,68.857,57.88,46,72,7.34
436,Galdar,ES,2022-03-26 21:54:00,28.147,-15.6502,63.1,68,11,10.36
437,Zitlala,MX,2022-03-26 21:54:00,17.6333,-99.0833,79.14,21,74,0.98
438,Aklavik,CA,2022-03-26 21:54:01,68.2191,-135.0107,3.2,55,0,8.05
439,Mbala,ZM,2022-03-26 21:54:01,-8.8402,31.3659,60.87,89,77,3.49
440,Sao Miguel Do Araguaia,BR,2022-03-26 21:54:01,-13.275,-50.1628,79.63,73,83,0.94
441,Inuvik,CA,2022-03-26 21:54:02,68.3499,-133.7218,2.26,53,0,11.5
442,Inirida,CO,2022-03-26 21:54:02,3.8653,-67.9239,75.42,94,99,1.36
443,Panzhihua,CN,2022-03-26 21:54:03,26.5851,101.7128,56.89,73,91,6.76
444,Pemba,MZ,2022-03-26 21:54:03,-12.974,40.5178,81.3,83,20,5.01
445,Rincon,US,2022-03-26 21:54:04,32.296,-81.2354,69.94,23,1,1.99
446,Tual,ID,2022-03-26 21:54:04,-5.6667,132.75,82.26,76,100,15.48
447,Nelson Bay,AU,2022-03-26 21:54:04,-32.7167,152.15,69.01,97,100,7.67
448,Tiznit,MA,2022-03-26 21:54:05,29.5833,-9.5,57.15,70,0,1.12
449,Gawler,AU,2022-03-26 21:54:05,-34.6,138.7333,71.22,50,0,7.49
450,Canmore,CA,2022-03-26 21:51:08,51.0834,-115.3521,47.68,42,94,5.75
451,Cayenne,GF,2022-03-26 21:54:06,4.9333,-52.3333,80.1,1,75,10.36
452,Broome,US,2022-03-26 21:54:06,42.2506,-75.833,46.65,66,98,7.0
453,Los Llanos De Aridane,ES,2022-03-26 21:54:06,28.6585,-17.9182,62.35,83,100,20.71
454,Abha,SA,2022-03-26 21:54:07,18.2164,42.5053,62.42,42,0,4.61
455,Poronaysk,RU,2022-03-26 21:54:07,49.2167,143.1167,30.81,97,100,13.58
456,Neryungri,RU,2022-03-26 21:55:07,56.6709,124.6491,2.95,100,100,1.59
457,Missoula,US,2022-03-26 21:55:08,47.0166,-113.8009,54.84,36,100,7.09
458,Sao Felix Do Xingu,BR,2022-03-26 21:55:08,-6.6447,-51.995,74.37,96,39,2.55
459,Adrar,MR,2022-03-26 21:55:08,20.5022,-10.0711,75.36,16,29,4.5
460,San Policarpo,PH,2022-03-26 21:55:09,12.1791,125.5072,80.4,82,100,12.03
461,Araceli,PH,2022-03-26 21:55:09,10.5529,119.9913,82.92,78,99,17.69
462,Mecca,SA,2022-03-26 21:50:41,21.4267,39.8261,67.06,48,0,7.72
463,Tselinnoye,RU,2022-03-26 21:55:09,53.0833,85.6667,5.54,96,100,5.95
464,Road Town,VG,2022-03-26 21:53:52,18.4167,-64.6167,78.84,69,75,3.44
465,Lavumisa,SZ,2022-03-26 21:55:10,-27.31,31.892,69.35,95,100,1.59
466,Nisia Floresta,BR,2022-03-26 21:55:10,-6.0911,-35.2086,80.98,87,99,4.68
467,Dikson,RU,2022-03-26 21:55:11,73.5069,80.5464,-6.27,96,100,13.56
468,Nouakchott,MR,2022-03-26 21:50:31,18.0858,-15.9785,64.33,78,5,10.96
469,Rudbar,AF,2022-03-26 21:55:11,30.15,62.6,72.46,15,0,10.4
470,Okhotsk,RU,2022-03-26 21:55:11,59.3833,143.3,1.65,87,33,6.71
471,Luena,AO,2022-03-26 21:55:12,-11.7833,19.9167,62.22,97,100,0.89
472,Kenai,US,2022-03-26 21:55:12,60.5544,-151.2583,43.03,48,75,12.66
473,North Bend,US,2022-03-26 21:55:12,43.4065,-124.2243,72.25,91,0,10.36
474,Chernyshevsk,RU,2022-03-26 21:55:13,52.5243,117.0174,9.57,98,88,1.03
475,Brae,GB,2022-03-26 21:55:13,60.3964,-1.353,46.94,92,98,14.56
476,Zaysan,KZ,2022-03-26 21:55:13,47.4667,84.8667,29.66,85,100,2.86
477,Lebanon,US,2022-03-26 21:55:06,36.2081,-86.2911,60.67,19,0,23.02
478,Miami Beach,US,2022-03-26 21:54:36,25.7906,-80.1301,81.03,44,0,3.0
479,Bathsheba,BB,2022-03-26 21:55:14,13.2167,-59.5167,81.21,65,20,18.41
480,Manadhoo,MV,2022-03-26 21:55:14,5.7667,73.3833,81.45,65,1,3.44
481,Roebourne,AU,2022-03-26 21:55:15,-20.7833,117.1333,82.17,72,54,10.69
482,La Rioja,ES,2022-03-26 21:55:15,42.25,-2.5,40.78,80,77,4.47
483,Pisco,PE,2022-03-26 21:52:20,-13.7,-76.2167,73.45,64,0,12.66
484,Choma,ZM,2022-03-26 21:55:16,-16.8065,26.9531,65.17,89,80,2.21
485,Alanya,TR,2022-03-26 21:55:16,36.5438,31.9998,51.19,39,0,7.23
486,Chipiona,ES,2022-03-26 21:55:16,36.7366,-6.437,58.3,94,20,3.44
487,Touros,BR,2022-03-26 21:55:17,-5.1989,-35.4608,78.84,86,100,8.12
488,Loandjili,CG,2022-03-26 21:55:17,-4.7561,11.8578,80.71,94,75,5.75
489,Tongling,CN,2022-03-26 21:55:17,30.95,117.7833,53.89,71,100,1.61
490,Yenagoa,NG,2022-03-26 21:55:18,4.9247,6.2642,81.3,82,82,5.84
491,Lorengau,PG,2022-03-26 21:55:18,-2.0226,147.2712,82.87,74,100,5.79
492,Kyshtovka,RU,2022-03-26 21:55:18,56.555,76.6271,-5.8,100,66,3.78
493,Luorong,CN,2022-03-26 21:55:19,24.4058,109.6086,58.51,80,92,11.01
494,Karratha,AU,2022-03-26 21:55:19,-20.7377,116.8463,82.29,72,67,10.09
495,Illela,NG,2022-03-26 21:55:19,13.7292,5.2975,84.87,9,19,15.37
496,Kiruna,SE,2022-03-26 21:55:20,67.8557,20.2251,11.32,79,40,2.3
497,Anloga,GH,2022-03-26 21:55:20,5.7947,0.8973,83.08,84,100,13.31
498,Finschhafen,PG,2022-03-26 21:55:20,-6.6024,147.8681,82.26,76,95,7.67
499,Oussouye,SN,2022-03-26 21:55:21,12.485,-16.5469,78.98,55,28,12.01
500,La Ronge,CA,2022-03-26 21:55:21,55.1001,-105.2842,5.25,33,0,6.91
501,Budureasa,RO,2022-03-26 21:55:21,46.6667,22.5,44.56,64,53,4.18
502,Aripuana,BR,2022-03-26 21:55:22,-9.1667,-60.6333,75.83,96,96,0.85
503,Vao,NC,2022-03-26 21:55:22,-22.6667,167.4833,76.03,76,84,14.0
504,Manado,ID,2022-03-26 21:56:22,1.487,124.8455,74.17,94,40,2.3
505,Paamiut,GL,2022-03-26 21:56:23,61.994,-49.6678,22.71,87,3,4.88
506,Laguna,US,2022-03-26 21:56:23,38.421,-121.4238,81.97,39,40,4.0
507,Tholen,NL,2022-03-26 21:56:23,51.5317,4.2208,52.05,87,5,9.22
508,The Pas,CA,2022-03-26 21:56:24,53.8251,-101.2541,8.62,40,0,9.22
509,Kushima,JP,2022-03-26 21:56:24,31.4583,131.2333,57.83,87,82,6.93
510,Tibu,CO,2022-03-26 21:56:24,8.639,-72.7358,93.43,44,100,2.24
511,Saurimo,AO,2022-03-26 21:56:25,-9.6608,20.3916,66.11,94,95,2.57
512,Praia Da Vitoria,PT,2022-03-26 21:56:25,38.7333,-27.0667,59.25,94,40,23.38
513,Wuda,CN,2022-03-26 21:56:25,39.4994,106.7117,32.81,22,64,7.34
514,Codrington,AU,2022-03-26 21:56:26,-38.2667,141.9667,60.22,58,0,5.46
515,Laela,TZ,2022-03-26 21:56:26,-8.5667,32.05,60.78,92,95,3.13
516,Gazanjyk,TM,2022-03-26 21:56:26,39.2446,55.5154,45.21,66,8,3.24
517,Yulara,AU,2022-03-26 21:56:27,-25.2406,130.9889,62.44,34,0,8.05
518,Rizhao,CN,2022-03-26 21:56:27,35.4275,119.4553,46.67,41,95,23.85
519,Ulaanbaatar,MN,2022-03-26 21:56:27,47.9077,106.8832,17.44,32,0,2.08
520,Gunjur,GM,2022-03-26 21:56:28,13.2019,-16.7339,69.55,71,78,15.61
521,Bilibino,RU,2022-03-26 21:56:28,68.0546,166.4372,-0.2,94,100,9.1
522,Nyurba,RU,2022-03-26 21:56:28,63.2842,118.3319,-4.2,100,99,1.97
523,Rio Gallegos,AR,2022-03-26 21:51:35,-51.6226,-69.2181,64.45,39,0,14.97
524,Haines Junction,CA,2022-03-26 21:56:29,60.7522,-137.5108,35.55,48,100,3.44
525,Kisii,KE,2022-03-26 21:56:29,-0.6817,34.7667,60.66,94,98,3.53
526,Maceio,BR,2022-03-26 21:56:29,-9.6658,-35.7353,80.04,83,75,6.91
527,Kaspiyskiy,RU,2022-03-26 21:56:30,45.3929,47.3707,39.69,82,89,13.2
528,Sao Lourenco Do Sul,BR,2022-03-26 21:56:30,-31.3653,-51.9783,70.23,60,95,11.83
529,Synya,RU,2022-03-26 21:56:30,65.3718,58.0387,11.62,91,100,8.14
530,Namie,JP,2022-03-26 21:56:31,37.4833,141.0,59.99,70,100,12.35
531,Talnakh,RU,2022-03-26 21:56:31,69.4865,88.3972,1.8,79,88,4.29
532,Ketchikan,US,2022-03-26 21:56:31,55.3422,-131.6461,43.72,84,100,4.47
533,Calais,FR,2022-03-26 21:56:32,50.9167,1.8333,51.82,85,1,13.94
534,Hasaki,JP,2022-03-26 21:56:32,35.7333,140.8333,61.29,89,100,8.5
535,Alta Floresta,BR,2022-03-26 21:54:17,-9.8756,-56.0861,75.52,93,100,2.77
536,Clarence Town,AU,2022-03-26 21:56:32,-32.5833,151.7833,65.8,96,100,1.7
537,Lhokseumawe,ID,2022-03-26 21:56:33,5.1801,97.1507,77.58,86,40,6.62
538,Champerico,GT,2022-03-26 21:56:33,14.3,-91.9167,93.74,65,37,11.59
539,Mattru,SL,2022-03-26 21:56:33,7.6244,-11.8332,78.62,83,94,2.53
540,Yakeshi,CN,2022-03-26 21:56:34,49.2833,120.7333,6.39,99,99,2.24
541,Shentala,RU,2022-03-26 21:56:34,54.45,51.4833,29.55,96,100,21.94
542,Nantucket,US,2022-03-26 21:56:34,41.2835,-70.0995,48.15,68,94,18.63
543,Muroto,JP,2022-03-26 21:56:35,33.2833,134.15,60.6,89,99,4.85
544,Fort Saint James,CA,2022-03-26 21:56:35,54.4333,-124.25,37.71,95,100,2.98
545,Dawson Creek,CA,2022-03-26 21:56:35,55.7666,-120.2362,29.84,74,100,6.91
546,Kieta,PG,2022-03-26 21:56:36,-6.2167,155.6333,80.29,82,97,5.97
547,Samdari,IN,2022-03-26 21:56:36,25.8167,72.5833,80.29,19,0,7.52
548,Alexandria,EG,2022-03-26 21:56:36,31.2156,29.9553,57.78,74,0,10.02
549,Deputatskiy,RU,2022-03-26 21:56:37,69.3,139.9,-11.2,94,45,6.06
550,Chiang Mai,TH,2022-03-26 21:56:37,18.75,99.0,77.07,72,20,3.44
551,Dingle,PH,2022-03-26 21:56:37,10.9995,122.6711,75.99,91,91,5.91
552,Chandla,IN,2022-03-26 21:56:38,25.0833,80.2,76.77,12,0,3.44
553,Monteiro,BR,2022-03-26 21:56:38,-7.8894,-37.12,72.28,87,63,8.86
554,Shambu,ET,2022-03-26 21:57:38,9.5667,37.1,60.37,41,79,0.13
555,Tautira,PF,2022-03-26 21:57:39,-17.7333,-149.15,81.43,74,53,12.95
556,Fernie,CA,2022-03-26 21:57:39,49.5,-115.0687,54.28,71,76,5.06
557,Fasa,IR,2022-03-26 21:57:39,28.9383,53.6482,43.84,29,0,6.91
558,Vangaindrano,MG,2022-03-26 21:57:40,-23.35,47.6,74.41,95,34,4.14
559,Hay River,CA,2022-03-26 21:57:40,60.8156,-115.7999,13.98,73,100,6.91
560,Barcelona,ES,2022-03-26 21:54:08,41.3888,2.159,55.69,73,40,8.05
561,Pangkalanbuun,ID,2022-03-26 21:57:40,-2.6833,111.6167,73.65,98,61,2.26
562,Fortuna,US,2022-03-26 21:56:12,40.5982,-124.1573,62.92,74,0,13.8
563,Yumen,CN,2022-03-26 21:57:41,40.2833,97.2,37.76,36,17,3.31
564,Mahendragarh,IN,2022-03-26 21:57:41,28.2833,76.15,73.6,12,0,6.64
565,Hutang,CN,2022-03-26 21:57:41,31.5333,119.4833,52.52,73,100,4.54
566,Lasa,IT,2022-03-26 21:57:42,46.6166,10.7002,45.01,66,4,1.19
567,Yeppoon,AU,2022-03-26 21:57:42,-23.1333,150.7333,73.18,64,48,10.4
568,Tromso,NO,2022-03-26 21:57:42,69.6496,18.957,21.38,86,20,1.14
569,Navirai,BR,2022-03-26 21:57:43,-23.065,-54.1906,67.28,73,23,3.65
570,Calvinia,ZA,2022-03-26 21:57:43,-31.4707,19.776,67.57,36,97,2.26
571,Lucapa,AO,2022-03-26 21:57:44,-8.4192,20.7447,66.76,96,99,3.4
572,Metro,ID,2022-03-26 21:57:44,-5.1131,105.3067,75.96,91,92,1.21
573,Yangcun,CN,2022-03-26 21:57:44,39.3639,117.0603,44.58,16,0,8.43
574,Van Wert,US,2022-03-26 21:57:45,40.8695,-84.5841,34.11,73,100,19.57
575,Freeport,US,2022-03-26 21:52:58,40.6576,-73.5832,53.29,67,100,11.01
